id,source_platform,source_id,name,description,venue,address,city,country,lat,lng,event_day,event_time,raw_when,source_url,image_url,retrieved_at
6169,Ticketmaster,1AdbZbJGkSSWA8i,Fred Goater's Tea Dance,Under 14s must be accompanied by an adult over 18. A max of 50 tickets per person and per household applies. Tickets in excess of 50 will be cancelled.,O2 Guildhall Southampton,Civic Centre,Southampton,Great Britain,50.90848,-1.406198,2025-05-28,11:30:00,2025-05-28 11:30:00,https://www.ticketmaster.co.uk/fred-goaters-tea-dance-southampton-28-05-2025/event/3600626CF3F4542C,https://s1.ticketm.net/dam/c/cf0/e3e32db3-adac-486f-b78d-7c8857f8bcf0_106191_RETINA_PORTRAIT_16_9.jpg,2025-05-28 16:47:37.889157+00
6170,Ticketmaster,rZ7HnEZ1AfuV8d,Prom Again - Dance Party,,The Premier,109 11th St NW,Hickory,United States Of America,35.7334237,-81.3572564,2025-05-30,19:00:00,2025-05-30 19:00:00,https://www.ticketweb.com/event/prom-again-dance-the-premier-tickets/14374403,https://s1.ticketm.net/dam/c/df8/81eadad8-4449-412e-a2b1-3d8bbb78edf8_106181_RETINA_PORTRAIT_3_2.jpg,2025-05-28 16:47:37.926244+00
6171,Ticketmaster,Z7r9jZ1A74-8g,Broadway Rave - The Musical Theatre Dance Party (18+ Event),,Ace of Cups,"2619 N. High St., Columbus, OH 43202",Columbus,United States Of America,40.0219,-83.013603,2025-05-30,20:00:00,2025-05-30 20:00:00,https://www.ticketmaster.com/event/Z7r9jZ1A74-8g,https://s1.ticketm.net/dam/a/35b/608df499-b9b5-4197-9243-e0aa1227435b_EVENT_DETAIL_PAGE_16_9.jpg,2025-05-28 16:47:37.943609+00
6172,Ticketmaster,rZ7HnEZ1Af8sQd,Street Funky Disco Flashback Dance Party,"19+ Only Event (I.D. Certification Required for Entry)Get Ready to Groove: Disco, Brass & Beyond! May 30th | Doors at 8 PM | $15 Advance / $20 at the DoorJoin us for an unforgettable night of music, movement, and mayhem as three powerhouse bands light up the stage with rhythm, soul, and high-octane energy!The Boom Shaka Lakas: Prepare yourself for a full-on Disco Circus experience! Featuring some of Torontos top veteran musicians, The Boom Shaka Lakas bring 70s flair with costuming, choreography, and 4-part harmonies. Expect everything from funky Philly Soul to NYC Disco classics, with dazzling stage antics including roller boogie dancers, DJs, stunt performances by Feeble Knievil, and fiery special effects. When they hit the stage, its time to boogie hard.Turbo Street Funk: Bringing the streets of New Orleans straight to Toronto, Turbo Street Funk deliver a fiery blend of brass-rock, funk, and Top 40 hits with their signature twist. Known for turning any venue into a dance floor, their high-energy, horn-driven sound will have you on your feet and grooving all night long.The Backstage Pass Band: With polish, professionalism, and pure musical magic, The Backstage Pass Band knows how to set the tone for an amazing night. Their dynamic repertoire covers everything from classic hits to modern jams, transforming every performance into a spellbinding experience you wont forget.Dont miss this triple-bill event that promises big sound, big vibes, and big fun.Grab your tickets early and get ready to dance, sing, and celebrate the power of live music!*El Mocambo is a fully accessible venue*",The Starlight Room at The El Mocambo,464 Spadina Avenue,Toronto,Canada,43.6575661,-79.4001349,2025-05-30,20:30:00,2025-05-30 20:30:00,https://www.ticketweb.ca/event/street-funky-disco-flashback-dance-the-starlight-room-at-the-tickets/14431683,https://s1.ticketm.net/dam/c/df8/81eadad8-4449-412e-a2b1-3d8bbb78edf8_106181_RETINA_PORTRAIT_3_2.jpg,2025-05-28 16:47:37.945621+00
6173,Ticketmaster,rZ7HnEZ1Af14PS,Zumba Clubnight for Cancer,"Legal Age 19+ (Valid Photo I.D. Required)Get ready for a high-energy night of fun with the Zumba Vancouver Crew! Join our incredible instructors for a sweaty Zumba party Class raising funds for cancer research. Dance to the beats of a live DJ, enjoy exciting door prizes, drinks, and keep the party going after the class ends. Its all for an amazing causeand a night you wont want to miss! Zumba Vancouver has been teaching classes and special events like Zumba at Canada Place for 17 years. www.zumbavancouver.ca",The Pearl,881 Granville Street,Vancouver,Canada,49.280658,-123.121407,2025-05-30,19:00:00,2025-05-30 19:00:00,https://www.ticketweb.ca/event/zumba-clubnight-for-cancer-the-pearl-tickets/14295973,https://s1.ticketm.net/dam/c/df8/81eadad8-4449-412e-a2b1-3d8bbb78edf8_106181_RETINA_PORTRAIT_3_2.jpg,2025-05-28 16:47:37.95619+00
6174,Ticketmaster,rZ7HnEZ1Af8KuK,DANCE THE DECADES,Chop Suey Presents:DANCE THE DECADES!A Through-The-Decades Dance Party!1950s - 2020s POP HITS!50s & 60s = 9pm - 10pm70s & 80s = 10pm - 11pm90s & 2000s = 11pm - midnight2010s & 2020s = midnight - 1amDecade Shuffle = 1am - 2am,Chop Suey,1325 E Madison St.,Seattle,United States Of America,47.6134847,-122.314457,2025-05-30,21:00:00,2025-05-30 21:00:00,https://www.ticketweb.com/event/dance-the-decades-chop-suey-tickets/14413353,https://s1.ticketm.net/dam/c/df8/81eadad8-4449-412e-a2b1-3d8bbb78edf8_106181_RETINA_PORTRAIT_3_2.jpg,2025-05-28 16:47:37.95619+00
6175,Ticketmaster,rZ7HnEZ1AfCoZS,Clock-Out Lounge Presents: Peekaboo Dance Party (right after TUSH),Clock-Out Lounge Presents: Peekaboo Dance Party (right after TUSH)Fri 5/3021+$5 or FREE for TUSH attendees!with DJ dark wiley,Clock-Out Lounge,4864 Beacon Ave S,Seattle,United States Of America,47.5590595,-122.303927,2025-05-30,23:00:00,2025-05-30 23:00:00,https://www.ticketweb.com/event/clock-out-lounge-presents-peekaboo-clock-out-lounge-tickets/14391033,https://s1.ticketm.net/dam/c/df8/81eadad8-4449-412e-a2b1-3d8bbb78edf8_106181_RETINA_PORTRAIT_3_2.jpg,2025-05-28 16:47:37.995475+00
6176,Ticketmaster,G5dzZbJKZ1YDN,Day Fever,"Coming to Day Fever? Request your favourite song before you arrive: https://dayfever.os.fan/day-fever-song-request The countries biggest day time disco has got people partying all across the UK and Ireland and with more cities being added all the time it's clear that you guys love to dance the day away! With perfect party music, personally curated by Jon McClure of Reverend and the Makers and Vicky McClure, Jonny Owen and the gang it's time you joined the Day Fever Family! Follow DAY FEVER on Facebook, Instagram, TikTok and X - @DAYFEVERUK Security â€“ Bag Policy: Large bags including rucksacks are not allowed. There are no facilities to leave large bags or luggage. If you really have to bring a bag â€“ and its preferable you dont, please make sure its small. Only one small bag per person is permitted and it must not be bigger than A4 size. Height: 28.7cm Width: 21cm Depth 15cm",Edinburgh Corn Exchange,11 Newmarket Road,Edinburgh,Great Britain,55.926128,-3.24748,2025-05-31,15:00:00,2025-05-31 15:00:00,https://www.ticketmaster.co.uk/day-fever-edinburgh-31-05-2025/event/3E006264C02B0EE3,https://s1.ticketm.net/dam/a/2ce/4bcaf37f-d4e2-41b2-9041-0cdc6d3a42ce_RECOMENDATION_16_9.jpg,2025-05-28 16:47:37.99949+00
6177,Ticketmaster,LvZ18QvN7dLsHFOZ-MXN1,Learn to Salsa,,,,,,,,2025-05-31,12:00:00,2025-05-31 12:00:00,https://www.universe.com/events/learn-to-salsa-tickets-9SM83Y?ref=ticketmaster,https://s1.ticketm.net/dam/c/8cf/a6653880-7899-4f67-8067-1f95f4d158cf_124761_RECOMENDATION_16_9.jpg,2025-05-28 16:47:38.001502+00
6178,Ticketmaster,LvZ18QvNA9idpSYZcC7CM,Learn to Salsa,,,,,,,,2025-05-31,12:00:00,2025-05-31 12:00:00,https://www.universe.com/events/learn-to-salsa-tickets-2PC96L?ref=ticketmaster,https://s1.ticketm.net/dam/c/8cf/a6653880-7899-4f67-8067-1f95f4d158cf_124761_RECOMENDATION_16_9.jpg,2025-05-28 16:47:38.001502+00
6179,Ticketmaster,rZ7HnEZ1AKQkx7,SALSA & BACHATA SUNDAYS,"SALSA & BACHATA SUNDAYS en La Rumba! ğŸ¶ğŸ”¥ğŸ§ DJ Noslen en las mezclas con lo mejor de Salsa y Bachata toda la noche!ğŸ•– 7 PM - Clase de Bachata con Subbu & ReidğŸ•— 8 PM - Clase de Salsa con Joseph SnowhawkğŸ“ Cover: $10 | $15 con clasesNo te lo pierdas, ven a bailar y disfruta de una noche inolvidable en La Rumba! ğŸ‰#EstaSiEsRumba #SalsaSundays #BachataLovers #LatinVibes #DenverNightlife #SalsaBachataParty ğŸ’ƒğŸ•º SALSA & BACHATA SUNDAYS at La Rumba! ğŸ¶ğŸ”¥ğŸ§ DJ Noslen spinning the best Salsa & Bachata all night long!ğŸ•– 7 PM - Bachata Class with Subbu & ReidğŸ•— 8 PM - Salsa Class with Joseph SnowhawkğŸ“ Cover: $10 | $15 with classesDont miss out! Come dance and enjoy an unforgettable night at La Rumba! ğŸ‰#EstaSiEsRumba #SalsaSundays #BachataLovers #LatinVibes #DenverNightlife #SalsaBachataParty",La Rumba,99 W 9th Ave,Denver,United States Of America,39.7305946,-104.9886474,2025-06-01,19:00:00,2025-06-01 19:00:00,https://www.ticketweb.com/event/salsa-bachata-sundays-la-rumba-tickets/13686884,https://s1.ticketm.net/dam/c/548/5fefbd1c-973b-4b0e-9b2e-d78e4ce37548_106111_TABLET_LANDSCAPE_3_2.jpg,2025-05-28 16:47:38.001502+00
6180,Ticketmaster,rZ7HnEZ1AKQ67f,SALSA & BACHATA SUNDAYS,"SALSA & BACHATA SUNDAYS en La Rumba! ğŸ¶ğŸ”¥ğŸ§ DJ Noslen en las mezclas con lo mejor de Salsa y Bachata toda la noche!ğŸ•– 7 PM - Clase de Bachata con Subbu & ReidğŸ•— 8 PM - Clase de Salsa con Joseph SnowhawkğŸ“ Cover: $10 | $15 con clasesNo te lo pierdas, ven a bailar y disfruta de una noche inolvidable en La Rumba! ğŸ‰#EstaSiEsRumba #SalsaSundays #BachataLovers #LatinVibes #DenverNightlife #SalsaBachataParty ğŸ’ƒğŸ•º SALSA & BACHATA SUNDAYS at La Rumba! ğŸ¶ğŸ”¥ğŸ§ DJ Noslen spinning the best Salsa & Bachata all night long!ğŸ•– 7 PM - Bachata Class with Subbu & ReidğŸ•— 8 PM - Salsa Class with Joseph SnowhawkğŸ“ Cover: $10 | $15 with classesDont miss out! Come dance and enjoy an unforgettable night at La Rumba! ğŸ‰#EstaSiEsRumba #SalsaSundays #BachataLovers #LatinVibes #DenverNightlife #SalsaBachataParty",La Rumba,99 W 9th Ave,Denver,United States Of America,39.7305946,-104.9886474,2025-06-08,19:00:00,2025-06-08 19:00:00,https://www.ticketweb.com/event/salsa-bachata-sundays-la-rumba-tickets/13687114,https://s1.ticketm.net/dam/c/548/5fefbd1c-973b-4b0e-9b2e-d78e4ce37548_106111_TABLET_LANDSCAPE_3_2.jpg,2025-05-28 16:47:38.003011+00
6181,Ticketmaster,rZ7HnEZ1AKQ6A0,SALSA & BACHATA SUNDAYS,"SALSA & BACHATA SUNDAYS en La Rumba! ğŸ¶ğŸ”¥ğŸ§ DJ Noslen en las mezclas con lo mejor de Salsa y Bachata toda la noche!ğŸ•– 7 PM - Clase de Bachata con Subbu & ReidğŸ•— 8 PM - Clase de Salsa con Joseph SnowhawkğŸ“ Cover: $10 | $15 con clasesNo te lo pierdas, ven a bailar y disfruta de una noche inolvidable en La Rumba! ğŸ‰#EstaSiEsRumba #SalsaSundays #BachataLovers #LatinVibes #DenverNightlife #SalsaBachataParty ğŸ’ƒğŸ•º SALSA & BACHATA SUNDAYS at La Rumba! ğŸ¶ğŸ”¥ğŸ§ DJ Noslen spinning the best Salsa & Bachata all night long!ğŸ•– 7 PM - Bachata Class with Subbu & ReidğŸ•— 8 PM - Salsa Class with Joseph SnowhawkğŸ“ Cover: $10 | $15 with classesDont miss out! Come dance and enjoy an unforgettable night at La Rumba! ğŸ‰#EstaSiEsRumba #SalsaSundays #BachataLovers #LatinVibes #DenverNightlife #SalsaBachataParty",La Rumba,99 W 9th Ave,Denver,United States Of America,39.7305946,-104.9886474,2025-06-15,19:00:00,2025-06-15 19:00:00,https://www.ticketweb.com/event/salsa-bachata-sundays-la-rumba-tickets/13687164,https://s1.ticketm.net/dam/c/548/5fefbd1c-973b-4b0e-9b2e-d78e4ce37548_106111_TABLET_LANDSCAPE_3_2.jpg,2025-05-28 16:47:38.003743+00
6182,Ticketmaster,rZ7HnEZ1AKQ6vV,SALSA & BACHATA SUNDAYS,"SALSA & BACHATA SUNDAYS en La Rumba! ğŸ¶ğŸ”¥ğŸ§ DJ Noslen en las mezclas con lo mejor de Salsa y Bachata toda la noche!ğŸ•– 7 PM - Clase de Bachata con Subbu & ReidğŸ•— 8 PM - Clase de Salsa con Joseph SnowhawkğŸ“ Cover: $10 | $15 con clasesNo te lo pierdas, ven a bailar y disfruta de una noche inolvidable en La Rumba! ğŸ‰#EstaSiEsRumba #SalsaSundays #BachataLovers #LatinVibes #DenverNightlife #SalsaBachataParty ğŸ’ƒğŸ•º SALSA & BACHATA SUNDAYS at La Rumba! ğŸ¶ğŸ”¥ğŸ§ DJ Noslen spinning the best Salsa & Bachata all night long!ğŸ•– 7 PM - Bachata Class with Subbu & ReidğŸ•— 8 PM - Salsa Class with Joseph SnowhawkğŸ“ Cover: $10 | $15 with classesDont miss out! Come dance and enjoy an unforgettable night at La Rumba! ğŸ‰#EstaSiEsRumba #SalsaSundays #BachataLovers #LatinVibes #DenverNightlife #SalsaBachataParty",La Rumba,99 W 9th Ave,Denver,United States Of America,39.7305946,-104.9886474,2025-06-22,19:00:00,2025-06-22 19:00:00,https://www.ticketweb.com/event/salsa-bachata-sundays-la-rumba-tickets/13687074,https://s1.ticketm.net/dam/c/548/5fefbd1c-973b-4b0e-9b2e-d78e4ce37548_106111_TABLET_LANDSCAPE_3_2.jpg,2025-05-28 16:47:38.004763+00
6183,Ticketmaster,rZ7HnEZ1AKQ67V,SALSA & BACHATA SUNDAYS,"SALSA & BACHATA SUNDAYS en La Rumba! ğŸ¶ğŸ”¥ğŸ§ DJ Noslen en las mezclas con lo mejor de Salsa y Bachata toda la noche!ğŸ•– 7 PM - Clase de Bachata con Subbu & ReidğŸ•— 8 PM - Clase de Salsa con Joseph SnowhawkğŸ“ Cover: $10 | $15 con clasesNo te lo pierdas, ven a bailar y disfruta de una noche inolvidable en La Rumba! ğŸ‰#EstaSiEsRumba #SalsaSundays #BachataLovers #LatinVibes #DenverNightlife #SalsaBachataParty ğŸ’ƒğŸ•º SALSA & BACHATA SUNDAYS at La Rumba! ğŸ¶ğŸ”¥ğŸ§ DJ Noslen spinning the best Salsa & Bachata all night long!ğŸ•– 7 PM - Bachata Class with Subbu & ReidğŸ•— 8 PM - Salsa Class with Joseph SnowhawkğŸ“ Cover: $10 | $15 with classesDont miss out! Come dance and enjoy an unforgettable night at La Rumba! ğŸ‰#EstaSiEsRumba #SalsaSundays #BachataLovers #LatinVibes #DenverNightlife #SalsaBachataParty",La Rumba,99 W 9th Ave,Denver,United States Of America,39.7305946,-104.9886474,2025-06-29,19:00:00,2025-06-29 19:00:00,https://www.ticketweb.com/event/salsa-bachata-sundays-la-rumba-tickets/13687134,https://s1.ticketm.net/dam/c/548/5fefbd1c-973b-4b0e-9b2e-d78e4ce37548_106111_TABLET_LANDSCAPE_3_2.jpg,2025-05-28 16:47:38.004763+00
6184,Ticketmaster,rZ7HnEZ1AKQ6F0,SALSA & BACHATA SUNDAYS,"SALSA & BACHATA SUNDAYS en La Rumba! ğŸ¶ğŸ”¥ğŸ§ DJ Noslen en las mezclas con lo mejor de Salsa y Bachata toda la noche!ğŸ•– 7 PM - Clase de Bachata con Subbu & ReidğŸ•— 8 PM - Clase de Salsa con Joseph SnowhawkğŸ“ Cover: $10 | $15 con clasesNo te lo pierdas, ven a bailar y disfruta de una noche inolvidable en La Rumba! ğŸ‰#EstaSiEsRumba #SalsaSundays #BachataLovers #LatinVibes #DenverNightlife #SalsaBachataParty ğŸ’ƒğŸ•º SALSA & BACHATA SUNDAYS at La Rumba! ğŸ¶ğŸ”¥ğŸ§ DJ Noslen spinning the best Salsa & Bachata all night long!ğŸ•– 7 PM - Bachata Class with Subbu & ReidğŸ•— 8 PM - Salsa Class with Joseph SnowhawkğŸ“ Cover: $10 | $15 with classesDont miss out! Come dance and enjoy an unforgettable night at La Rumba! ğŸ‰#EstaSiEsRumba #SalsaSundays #BachataLovers #LatinVibes #DenverNightlife #SalsaBachataParty",La Rumba,99 W 9th Ave,Denver,United States Of America,39.7305946,-104.9886474,2025-07-06,19:00:00,2025-07-06 19:00:00,https://www.ticketweb.com/event/salsa-bachata-sundays-la-rumba-tickets/13687224,https://s1.ticketm.net/dam/c/548/5fefbd1c-973b-4b0e-9b2e-d78e4ce37548_106111_TABLET_LANDSCAPE_3_2.jpg,2025-05-28 16:47:38.004763+00
6185,Ticketmaster,rZ7HnEZ1AKQ6ZV,SALSA & BACHATA SUNDAYS,"SALSA & BACHATA SUNDAYS en La Rumba! ğŸ¶ğŸ”¥ğŸ§ DJ Noslen en las mezclas con lo mejor de Salsa y Bachata toda la noche!ğŸ•– 7 PM - Clase de Bachata con Subbu & ReidğŸ•— 8 PM - Clase de Salsa con Joseph SnowhawkğŸ“ Cover: $10 | $15 con clasesNo te lo pierdas, ven a bailar y disfruta de una noche inolvidable en La Rumba! ğŸ‰#EstaSiEsRumba #SalsaSundays #BachataLovers #LatinVibes #DenverNightlife #SalsaBachataParty ğŸ’ƒğŸ•º SALSA & BACHATA SUNDAYS at La Rumba! ğŸ¶ğŸ”¥ğŸ§ DJ Noslen spinning the best Salsa & Bachata all night long!ğŸ•– 7 PM - Bachata Class with Subbu & ReidğŸ•— 8 PM - Salsa Class with Joseph SnowhawkğŸ“ Cover: $10 | $15 with classesDont miss out! Come dance and enjoy an unforgettable night at La Rumba! ğŸ‰#EstaSiEsRumba #SalsaSundays #BachataLovers #LatinVibes #DenverNightlife #SalsaBachataParty",La Rumba,99 W 9th Ave,Denver,United States Of America,39.7305946,-104.9886474,2025-07-13,19:00:00,2025-07-13 19:00:00,https://www.ticketweb.com/event/salsa-bachata-sundays-la-rumba-tickets/13687034,https://s1.ticketm.net/dam/c/548/5fefbd1c-973b-4b0e-9b2e-d78e4ce37548_106111_TABLET_LANDSCAPE_3_2.jpg,2025-05-28 16:47:38.006903+00
6186,Ticketmaster,rZ7HnEZ1AKQ6A7,SALSA & BACHATA SUNDAYS,"SALSA & BACHATA SUNDAYS en La Rumba! ğŸ¶ğŸ”¥ğŸ§ DJ Noslen en las mezclas con lo mejor de Salsa y Bachata toda la noche!ğŸ•– 7 PM - Clase de Bachata con Subbu & ReidğŸ•— 8 PM - Clase de Salsa con Joseph SnowhawkğŸ“ Cover: $10 | $15 con clasesNo te lo pierdas, ven a bailar y disfruta de una noche inolvidable en La Rumba! ğŸ‰#EstaSiEsRumba #SalsaSundays #BachataLovers #LatinVibes #DenverNightlife #SalsaBachataParty ğŸ’ƒğŸ•º SALSA & BACHATA SUNDAYS at La Rumba! ğŸ¶ğŸ”¥ğŸ§ DJ Noslen spinning the best Salsa & Bachata all night long!ğŸ•– 7 PM - Bachata Class with Subbu & ReidğŸ•— 8 PM - Salsa Class with Joseph SnowhawkğŸ“ Cover: $10 | $15 with classesDont miss out! Come dance and enjoy an unforgettable night at La Rumba! ğŸ‰#EstaSiEsRumba #SalsaSundays #BachataLovers #LatinVibes #DenverNightlife #SalsaBachataParty",La Rumba,99 W 9th Ave,Denver,United States Of America,39.7305946,-104.9886474,2025-07-20,19:00:00,2025-07-20 19:00:00,https://www.ticketweb.com/event/salsa-bachata-sundays-la-rumba-tickets/13687144,https://s1.ticketm.net/dam/c/548/5fefbd1c-973b-4b0e-9b2e-d78e4ce37548_106111_TABLET_LANDSCAPE_3_2.jpg,2025-05-28 16:47:38.007406+00
6187,Ticketmaster,rZ7HnEZ1AKQk-7,SALSA & BACHATA SUNDAYS,"SALSA & BACHATA SUNDAYS en La Rumba! ğŸ¶ğŸ”¥ğŸ§ DJ Noslen en las mezclas con lo mejor de Salsa y Bachata toda la noche!ğŸ•– 7 PM - Clase de Bachata con Subbu & ReidğŸ•— 8 PM - Clase de Salsa con Joseph SnowhawkğŸ“ Cover: $10 | $15 con clasesNo te lo pierdas, ven a bailar y disfruta de una noche inolvidable en La Rumba! ğŸ‰#EstaSiEsRumba #SalsaSundays #BachataLovers #LatinVibes #DenverNightlife #SalsaBachataParty ğŸ’ƒğŸ•º SALSA & BACHATA SUNDAYS at La Rumba! ğŸ¶ğŸ”¥ğŸ§ DJ Noslen spinning the best Salsa & Bachata all night long!ğŸ•– 7 PM - Bachata Class with Subbu & ReidğŸ•— 8 PM - Salsa Class with Joseph SnowhawkğŸ“ Cover: $10 | $15 with classesDont miss out! Come dance and enjoy an unforgettable night at La Rumba! ğŸ‰#EstaSiEsRumba #SalsaSundays #BachataLovers #LatinVibes #DenverNightlife #SalsaBachataParty",La Rumba,99 W 9th Ave,Denver,United States Of America,39.7305946,-104.9886474,2025-07-27,19:00:00,2025-07-27 19:00:00,https://www.ticketweb.com/event/salsa-bachata-sundays-la-rumba-tickets/13686844,https://s1.ticketm.net/dam/c/548/5fefbd1c-973b-4b0e-9b2e-d78e4ce37548_106111_TABLET_LANDSCAPE_3_2.jpg,2025-05-28 16:47:38.007406+00
6188,Ticketmaster,rZ7HnEZ1AKQk-V,SALSA & BACHATA SUNDAYS,"SALSA & BACHATA SUNDAYS en La Rumba! ğŸ¶ğŸ”¥ğŸ§ DJ Noslen en las mezclas con lo mejor de Salsa y Bachata toda la noche!ğŸ•– 7 PM - Clase de Bachata con Subbu & ReidğŸ•— 8 PM - Clase de Salsa con Joseph SnowhawkğŸ“ Cover: $10 | $15 con clasesNo te lo pierdas, ven a bailar y disfruta de una noche inolvidable en La Rumba! ğŸ‰#EstaSiEsRumba #SalsaSundays #BachataLovers #LatinVibes #DenverNightlife #SalsaBachataParty ğŸ’ƒğŸ•º SALSA & BACHATA SUNDAYS at La Rumba! ğŸ¶ğŸ”¥ğŸ§ DJ Noslen spinning the best Salsa & Bachata all night long!ğŸ•– 7 PM - Bachata Class with Subbu & ReidğŸ•— 8 PM - Salsa Class with Joseph SnowhawkğŸ“ Cover: $10 | $15 with classesDont miss out! Come dance and enjoy an unforgettable night at La Rumba! ğŸ‰#EstaSiEsRumba #SalsaSundays #BachataLovers #LatinVibes #DenverNightlife #SalsaBachataParty",La Rumba,99 W 9th Ave,Denver,United States Of America,39.7305946,-104.9886474,2025-08-03,19:00:00,2025-08-03 19:00:00,https://www.ticketweb.com/event/salsa-bachata-sundays-la-rumba-tickets/13686874,https://s1.ticketm.net/dam/c/548/5fefbd1c-973b-4b0e-9b2e-d78e4ce37548_106111_TABLET_LANDSCAPE_3_2.jpg,2025-05-28 16:47:38.007406+00
6189,Ticketmaster,rZ7HnEZ1AKQ6F7,SALSA & BACHATA SUNDAYS,"SALSA & BACHATA SUNDAYS en La Rumba! ğŸ¶ğŸ”¥ğŸ§ DJ Noslen en las mezclas con lo mejor de Salsa y Bachata toda la noche!ğŸ•– 7 PM - Clase de Bachata con Subbu & ReidğŸ•— 8 PM - Clase de Salsa con Joseph SnowhawkğŸ“ Cover: $10 | $15 con clasesNo te lo pierdas, ven a bailar y disfruta de una noche inolvidable en La Rumba! ğŸ‰#EstaSiEsRumba #SalsaSundays #BachataLovers #LatinVibes #DenverNightlife #SalsaBachataParty ğŸ’ƒğŸ•º SALSA & BACHATA SUNDAYS at La Rumba! ğŸ¶ğŸ”¥ğŸ§ DJ Noslen spinning the best Salsa & Bachata all night long!ğŸ•– 7 PM - Bachata Class with Subbu & ReidğŸ•— 8 PM - Salsa Class with Joseph SnowhawkğŸ“ Cover: $10 | $15 with classesDont miss out! Come dance and enjoy an unforgettable night at La Rumba! ğŸ‰#EstaSiEsRumba #SalsaSundays #BachataLovers #LatinVibes #DenverNightlife #SalsaBachataParty",La Rumba,99 W 9th Ave,Denver,United States Of America,39.7305946,-104.9886474,2025-08-10,19:00:00,2025-08-10 19:00:00,https://www.ticketweb.com/event/salsa-bachata-sundays-la-rumba-tickets/13687204,https://s1.ticketm.net/dam/c/548/5fefbd1c-973b-4b0e-9b2e-d78e4ce37548_106111_TABLET_LANDSCAPE_3_2.jpg,2025-05-28 16:47:38.007406+00
6190,Ticketmaster,rZ7HnEZ1AKQ6af,SALSA & BACHATA SUNDAYS,"SALSA & BACHATA SUNDAYS en La Rumba! ğŸ¶ğŸ”¥ğŸ§ DJ Noslen en las mezclas con lo mejor de Salsa y Bachata toda la noche!ğŸ•– 7 PM - Clase de Bachata con Subbu & ReidğŸ•— 8 PM - Clase de Salsa con Joseph SnowhawkğŸ“ Cover: $10 | $15 con clasesNo te lo pierdas, ven a bailar y disfruta de una noche inolvidable en La Rumba! ğŸ‰#EstaSiEsRumba #SalsaSundays #BachataLovers #LatinVibes #DenverNightlife #SalsaBachataParty ğŸ’ƒğŸ•º SALSA & BACHATA SUNDAYS at La Rumba! ğŸ¶ğŸ”¥ğŸ§ DJ Noslen spinning the best Salsa & Bachata all night long!ğŸ•– 7 PM - Bachata Class with Subbu & ReidğŸ•— 8 PM - Salsa Class with Joseph SnowhawkğŸ“ Cover: $10 | $15 with classesDont miss out! Come dance and enjoy an unforgettable night at La Rumba! ğŸ‰#EstaSiEsRumba #SalsaSundays #BachataLovers #LatinVibes #DenverNightlife #SalsaBachataParty",La Rumba,99 W 9th Ave,Denver,United States Of America,39.7305946,-104.9886474,2025-08-17,19:00:00,2025-08-17 19:00:00,https://www.ticketweb.com/event/salsa-bachata-sundays-la-rumba-tickets/13687254,https://s1.ticketm.net/dam/c/548/5fefbd1c-973b-4b0e-9b2e-d78e4ce37548_106111_TABLET_LANDSCAPE_3_2.jpg,2025-05-28 16:47:38.007406+00
6191,Ticketmaster,rZ7HnEZ1AKQ670,SALSA & BACHATA SUNDAYS,"SALSA & BACHATA SUNDAYS en La Rumba! ğŸ¶ğŸ”¥ğŸ§ DJ Noslen en las mezclas con lo mejor de Salsa y Bachata toda la noche!ğŸ•– 7 PM - Clase de Bachata con Subbu & ReidğŸ•— 8 PM - Clase de Salsa con Joseph SnowhawkğŸ“ Cover: $10 | $15 con clasesNo te lo pierdas, ven a bailar y disfruta de una noche inolvidable en La Rumba! ğŸ‰#EstaSiEsRumba #SalsaSundays #BachataLovers #LatinVibes #DenverNightlife #SalsaBachataParty ğŸ’ƒğŸ•º SALSA & BACHATA SUNDAYS at La Rumba! ğŸ¶ğŸ”¥ğŸ§ DJ Noslen spinning the best Salsa & Bachata all night long!ğŸ•– 7 PM - Bachata Class with Subbu & ReidğŸ•— 8 PM - Salsa Class with Joseph SnowhawkğŸ“ Cover: $10 | $15 with classesDont miss out! Come dance and enjoy an unforgettable night at La Rumba! ğŸ‰#EstaSiEsRumba #SalsaSundays #BachataLovers #LatinVibes #DenverNightlife #SalsaBachataParty",La Rumba,99 W 9th Ave,Denver,United States Of America,39.7305946,-104.9886474,2025-08-24,19:00:00,2025-08-24 19:00:00,https://www.ticketweb.com/event/salsa-bachata-sundays-la-rumba-tickets/13687124,https://s1.ticketm.net/dam/c/548/5fefbd1c-973b-4b0e-9b2e-d78e4ce37548_106111_TABLET_LANDSCAPE_3_2.jpg,2025-05-28 16:47:38.007406+00
6192,Ticketmaster,rZ7HnEZ1AKQkP0,SALSA & BACHATA SUNDAYS,"SALSA & BACHATA SUNDAYS en La Rumba! ğŸ¶ğŸ”¥ğŸ§ DJ Noslen en las mezclas con lo mejor de Salsa y Bachata toda la noche!ğŸ•– 7 PM - Clase de Bachata con Subbu & ReidğŸ•— 8 PM - Clase de Salsa con Joseph SnowhawkğŸ“ Cover: $10 | $15 con clasesNo te lo pierdas, ven a bailar y disfruta de una noche inolvidable en La Rumba! ğŸ‰#EstaSiEsRumba #SalsaSundays #BachataLovers #LatinVibes #DenverNightlife #SalsaBachataParty ğŸ’ƒğŸ•º SALSA & BACHATA SUNDAYS at La Rumba! ğŸ¶ğŸ”¥ğŸ§ DJ Noslen spinning the best Salsa & Bachata all night long!ğŸ•– 7 PM - Bachata Class with Subbu & ReidğŸ•— 8 PM - Salsa Class with Joseph SnowhawkğŸ“ Cover: $10 | $15 with classesDont miss out! Come dance and enjoy an unforgettable night at La Rumba! ğŸ‰#EstaSiEsRumba #SalsaSundays #BachataLovers #LatinVibes #DenverNightlife #SalsaBachataParty",La Rumba,99 W 9th Ave,Denver,United States Of America,39.7305946,-104.9886474,2025-08-31,19:00:00,2025-08-31 19:00:00,https://www.ticketweb.com/event/salsa-bachata-sundays-la-rumba-tickets/13686964,https://s1.ticketm.net/dam/c/548/5fefbd1c-973b-4b0e-9b2e-d78e4ce37548_106111_TABLET_LANDSCAPE_3_2.jpg,2025-05-28 16:47:38.007406+00
6193,Ticketmaster,rZ7HnEZ1AKQkPf,SALSA & BACHATA SUNDAYS,"SALSA & BACHATA SUNDAYS en La Rumba! ğŸ¶ğŸ”¥ğŸ§ DJ Noslen en las mezclas con lo mejor de Salsa y Bachata toda la noche!ğŸ•– 7 PM - Clase de Bachata con Subbu & ReidğŸ•— 8 PM - Clase de Salsa con Joseph SnowhawkğŸ“ Cover: $10 | $15 con clasesNo te lo pierdas, ven a bailar y disfruta de una noche inolvidable en La Rumba! ğŸ‰#EstaSiEsRumba #SalsaSundays #BachataLovers #LatinVibes #DenverNightlife #SalsaBachataParty ğŸ’ƒğŸ•º SALSA & BACHATA SUNDAYS at La Rumba! ğŸ¶ğŸ”¥ğŸ§ DJ Noslen spinning the best Salsa & Bachata all night long!ğŸ•– 7 PM - Bachata Class with Subbu & ReidğŸ•— 8 PM - Salsa Class with Joseph SnowhawkğŸ“ Cover: $10 | $15 with classesDont miss out! Come dance and enjoy an unforgettable night at La Rumba! ğŸ‰#EstaSiEsRumba #SalsaSundays #BachataLovers #LatinVibes #DenverNightlife #SalsaBachataParty",La Rumba,99 W 9th Ave,Denver,United States Of America,39.7305946,-104.9886474,2025-09-07,19:00:00,2025-09-07 19:00:00,https://www.ticketweb.com/event/salsa-bachata-sundays-la-rumba-tickets/13686954,https://s1.ticketm.net/dam/c/548/5fefbd1c-973b-4b0e-9b2e-d78e4ce37548_106111_TABLET_LANDSCAPE_3_2.jpg,2025-05-28 16:47:38.009768+00
6194,Ticketmaster,rZ7HnEZ1AKQ6ef,SALSA & BACHATA SUNDAYS,"SALSA & BACHATA SUNDAYS en La Rumba! ğŸ¶ğŸ”¥ğŸ§ DJ Noslen en las mezclas con lo mejor de Salsa y Bachata toda la noche!ğŸ•– 7 PM - Clase de Bachata con Subbu & ReidğŸ•— 8 PM - Clase de Salsa con Joseph SnowhawkğŸ“ Cover: $10 | $15 con clasesNo te lo pierdas, ven a bailar y disfruta de una noche inolvidable en La Rumba! ğŸ‰#EstaSiEsRumba #SalsaSundays #BachataLovers #LatinVibes #DenverNightlife #SalsaBachataParty ğŸ’ƒğŸ•º SALSA & BACHATA SUNDAYS at La Rumba! ğŸ¶ğŸ”¥ğŸ§ DJ Noslen spinning the best Salsa & Bachata all night long!ğŸ•– 7 PM - Bachata Class with Subbu & ReidğŸ•— 8 PM - Salsa Class with Joseph SnowhawkğŸ“ Cover: $10 | $15 with classesDont miss out! Come dance and enjoy an unforgettable night at La Rumba! ğŸ‰#EstaSiEsRumba #SalsaSundays #BachataLovers #LatinVibes #DenverNightlife #SalsaBachataParty",La Rumba,99 W 9th Ave,Denver,United States Of America,39.7305946,-104.9886474,2025-09-14,19:00:00,2025-09-14 19:00:00,https://www.ticketweb.com/event/salsa-bachata-sundays-la-rumba-tickets/13687094,https://s1.ticketm.net/dam/c/548/5fefbd1c-973b-4b0e-9b2e-d78e4ce37548_106111_TABLET_LANDSCAPE_3_2.jpg,2025-05-28 16:47:38.009768+00
6195,Ticketmaster,rZ7HnEZ1AKQ6v0,SALSA & BACHATA SUNDAYS,"SALSA & BACHATA SUNDAYS en La Rumba! ğŸ¶ğŸ”¥ğŸ§ DJ Noslen en las mezclas con lo mejor de Salsa y Bachata toda la noche!ğŸ•– 7 PM - Clase de Bachata con Subbu & ReidğŸ•— 8 PM - Clase de Salsa con Joseph SnowhawkğŸ“ Cover: $10 | $15 con clasesNo te lo pierdas, ven a bailar y disfruta de una noche inolvidable en La Rumba! ğŸ‰#EstaSiEsRumba #SalsaSundays #BachataLovers #LatinVibes #DenverNightlife #SalsaBachataParty ğŸ’ƒğŸ•º SALSA & BACHATA SUNDAYS at La Rumba! ğŸ¶ğŸ”¥ğŸ§ DJ Noslen spinning the best Salsa & Bachata all night long!ğŸ•– 7 PM - Bachata Class with Subbu & ReidğŸ•— 8 PM - Salsa Class with Joseph SnowhawkğŸ“ Cover: $10 | $15 with classesDont miss out! Come dance and enjoy an unforgettable night at La Rumba! ğŸ‰#EstaSiEsRumba #SalsaSundays #BachataLovers #LatinVibes #DenverNightlife #SalsaBachataParty",La Rumba,99 W 9th Ave,Denver,United States Of America,39.7305946,-104.9886474,2025-09-21,19:00:00,2025-09-21 19:00:00,https://www.ticketweb.com/event/salsa-bachata-sundays-la-rumba-tickets/13687064,https://s1.ticketm.net/dam/c/548/5fefbd1c-973b-4b0e-9b2e-d78e4ce37548_106111_TABLET_LANDSCAPE_3_2.jpg,2025-05-28 16:47:38.010574+00
6196,Ticketmaster,rZ7HnEZ1AKQkP7,SALSA & BACHATA SUNDAYS,"SALSA & BACHATA SUNDAYS en La Rumba! ğŸ¶ğŸ”¥ğŸ§ DJ Noslen en las mezclas con lo mejor de Salsa y Bachata toda la noche!ğŸ•– 7 PM - Clase de Bachata con Subbu & ReidğŸ•— 8 PM - Clase de Salsa con Joseph SnowhawkğŸ“ Cover: $10 | $15 con clasesNo te lo pierdas, ven a bailar y disfruta de una noche inolvidable en La Rumba! ğŸ‰#EstaSiEsRumba #SalsaSundays #BachataLovers #LatinVibes #DenverNightlife #SalsaBachataParty ğŸ’ƒğŸ•º SALSA & BACHATA SUNDAYS at La Rumba! ğŸ¶ğŸ”¥ğŸ§ DJ Noslen spinning the best Salsa & Bachata all night long!ğŸ•– 7 PM - Bachata Class with Subbu & ReidğŸ•— 8 PM - Salsa Class with Joseph SnowhawkğŸ“ Cover: $10 | $15 with classesDont miss out! Come dance and enjoy an unforgettable night at La Rumba! ğŸ‰#EstaSiEsRumba #SalsaSundays #BachataLovers #LatinVibes #DenverNightlife #SalsaBachataParty",La Rumba,99 W 9th Ave,Denver,United States Of America,39.7305946,-104.9886474,2025-09-28,19:00:00,2025-09-28 19:00:00,https://www.ticketweb.com/event/salsa-bachata-sundays-la-rumba-tickets/13686944,https://s1.ticketm.net/dam/c/548/5fefbd1c-973b-4b0e-9b2e-d78e4ce37548_106111_TABLET_LANDSCAPE_3_2.jpg,2025-05-28 16:47:38.010574+00
6197,Ticketmaster,rZ7HnEZ1AKQ6e7,SALSA & BACHATA SUNDAYS,"SALSA & BACHATA SUNDAYS en La Rumba! ğŸ¶ğŸ”¥ğŸ§ DJ Noslen en las mezclas con lo mejor de Salsa y Bachata toda la noche!ğŸ•– 7 PM - Clase de Bachata con Subbu & ReidğŸ•— 8 PM - Clase de Salsa con Joseph SnowhawkğŸ“ Cover: $10 | $15 con clasesNo te lo pierdas, ven a bailar y disfruta de una noche inolvidable en La Rumba! ğŸ‰#EstaSiEsRumba #SalsaSundays #BachataLovers #LatinVibes #DenverNightlife #SalsaBachataParty ğŸ’ƒğŸ•º SALSA & BACHATA SUNDAYS at La Rumba! ğŸ¶ğŸ”¥ğŸ§ DJ Noslen spinning the best Salsa & Bachata all night long!ğŸ•– 7 PM - Bachata Class with Subbu & ReidğŸ•— 8 PM - Salsa Class with Joseph SnowhawkğŸ“ Cover: $10 | $15 with classesDont miss out! Come dance and enjoy an unforgettable night at La Rumba! ğŸ‰#EstaSiEsRumba #SalsaSundays #BachataLovers #LatinVibes #DenverNightlife #SalsaBachataParty",La Rumba,99 W 9th Ave,Denver,United States Of America,39.7305946,-104.9886474,2025-10-05,19:00:00,2025-10-05 19:00:00,https://www.ticketweb.com/event/salsa-bachata-sundays-la-rumba-tickets/13687084,https://s1.ticketm.net/dam/c/548/5fefbd1c-973b-4b0e-9b2e-d78e4ce37548_106111_TABLET_LANDSCAPE_3_2.jpg,2025-05-28 16:47:38.010574+00
6198,Ticketmaster,rZ7HnEZ1AKQk00,SALSA & BACHATA SUNDAYS,"SALSA & BACHATA SUNDAYS en La Rumba! ğŸ¶ğŸ”¥ğŸ§ DJ Noslen en las mezclas con lo mejor de Salsa y Bachata toda la noche!ğŸ•– 7 PM - Clase de Bachata con Subbu & ReidğŸ•— 8 PM - Clase de Salsa con Joseph SnowhawkğŸ“ Cover: $10 | $15 con clasesNo te lo pierdas, ven a bailar y disfruta de una noche inolvidable en La Rumba! ğŸ‰#EstaSiEsRumba #SalsaSundays #BachataLovers #LatinVibes #DenverNightlife #SalsaBachataParty ğŸ’ƒğŸ•º SALSA & BACHATA SUNDAYS at La Rumba! ğŸ¶ğŸ”¥ğŸ§ DJ Noslen spinning the best Salsa & Bachata all night long!ğŸ•– 7 PM - Bachata Class with Subbu & ReidğŸ•— 8 PM - Salsa Class with Joseph SnowhawkğŸ“ Cover: $10 | $15 with classesDont miss out! Come dance and enjoy an unforgettable night at La Rumba! ğŸ‰#EstaSiEsRumba #SalsaSundays #BachataLovers #LatinVibes #DenverNightlife #SalsaBachataParty",La Rumba,99 W 9th Ave,Denver,United States Of America,39.7305946,-104.9886474,2025-10-12,19:00:00,2025-10-12 19:00:00,https://www.ticketweb.com/event/salsa-bachata-sundays-la-rumba-tickets/13686924,https://s1.ticketm.net/dam/c/548/5fefbd1c-973b-4b0e-9b2e-d78e4ce37548_106111_TABLET_LANDSCAPE_3_2.jpg,2025-05-28 16:47:38.010574+00
6199,Ticketmaster,rZ7HnEZ1AKQ677,SALSA & BACHATA SUNDAYS,"SALSA & BACHATA SUNDAYS en La Rumba! ğŸ¶ğŸ”¥ğŸ§ DJ Noslen en las mezclas con lo mejor de Salsa y Bachata toda la noche!ğŸ•– 7 PM - Clase de Bachata con Subbu & ReidğŸ•— 8 PM - Clase de Salsa con Joseph SnowhawkğŸ“ Cover: $10 | $15 con clasesNo te lo pierdas, ven a bailar y disfruta de una noche inolvidable en La Rumba! ğŸ‰#EstaSiEsRumba #SalsaSundays #BachataLovers #LatinVibes #DenverNightlife #SalsaBachataParty ğŸ’ƒğŸ•º SALSA & BACHATA SUNDAYS at La Rumba! ğŸ¶ğŸ”¥ğŸ§ DJ Noslen spinning the best Salsa & Bachata all night long!ğŸ•– 7 PM - Bachata Class with Subbu & ReidğŸ•— 8 PM - Salsa Class with Joseph SnowhawkğŸ“ Cover: $10 | $15 with classesDont miss out! Come dance and enjoy an unforgettable night at La Rumba! ğŸ‰#EstaSiEsRumba #SalsaSundays #BachataLovers #LatinVibes #DenverNightlife #SalsaBachataParty",La Rumba,99 W 9th Ave,Denver,United States Of America,39.7305946,-104.9886474,2025-10-19,19:00:00,2025-10-19 19:00:00,https://www.ticketweb.com/event/salsa-bachata-sundays-la-rumba-tickets/13687104,https://s1.ticketm.net/dam/c/548/5fefbd1c-973b-4b0e-9b2e-d78e4ce37548_106111_TABLET_LANDSCAPE_3_2.jpg,2025-05-28 16:47:38.01258+00
6200,Ticketmaster,rZ7HnEZ1AKQ6k7,SALSA & BACHATA SUNDAYS,"SALSA & BACHATA SUNDAYS en La Rumba! ğŸ¶ğŸ”¥ğŸ§ DJ Noslen en las mezclas con lo mejor de Salsa y Bachata toda la noche!ğŸ•– 7 PM - Clase de Bachata con Subbu & ReidğŸ•— 8 PM - Clase de Salsa con Joseph SnowhawkğŸ“ Cover: $10 | $15 con clasesNo te lo pierdas, ven a bailar y disfruta de una noche inolvidable en La Rumba! ğŸ‰#EstaSiEsRumba #SalsaSundays #BachataLovers #LatinVibes #DenverNightlife #SalsaBachataParty ğŸ’ƒğŸ•º SALSA & BACHATA SUNDAYS at La Rumba! ğŸ¶ğŸ”¥ğŸ§ DJ Noslen spinning the best Salsa & Bachata all night long!ğŸ•– 7 PM - Bachata Class with Subbu & ReidğŸ•— 8 PM - Salsa Class with Joseph SnowhawkğŸ“ Cover: $10 | $15 with classesDont miss out! Come dance and enjoy an unforgettable night at La Rumba! ğŸ‰#EstaSiEsRumba #SalsaSundays #BachataLovers #LatinVibes #DenverNightlife #SalsaBachataParty",La Rumba,99 W 9th Ave,Denver,United States Of America,39.7305946,-104.9886474,2025-10-26,19:00:00,2025-10-26 19:00:00,https://www.ticketweb.com/event/salsa-bachata-sundays-la-rumba-tickets/13687184,https://s1.ticketm.net/dam/c/548/5fefbd1c-973b-4b0e-9b2e-d78e4ce37548_106111_TABLET_LANDSCAPE_3_2.jpg,2025-05-28 16:47:38.01258+00
6201,Ticketmaster,rZ7HnEZ1AKQ6Zf,SALSA & BACHATA SUNDAYS,"SALSA & BACHATA SUNDAYS en La Rumba! ğŸ¶ğŸ”¥ğŸ§ DJ Noslen en las mezclas con lo mejor de Salsa y Bachata toda la noche!ğŸ•– 7 PM - Clase de Bachata con Subbu & ReidğŸ•— 8 PM - Clase de Salsa con Joseph SnowhawkğŸ“ Cover: $10 | $15 con clasesNo te lo pierdas, ven a bailar y disfruta de una noche inolvidable en La Rumba! ğŸ‰#EstaSiEsRumba #SalsaSundays #BachataLovers #LatinVibes #DenverNightlife #SalsaBachataParty ğŸ’ƒğŸ•º SALSA & BACHATA SUNDAYS at La Rumba! ğŸ¶ğŸ”¥ğŸ§ DJ Noslen spinning the best Salsa & Bachata all night long!ğŸ•– 7 PM - Bachata Class with Subbu & ReidğŸ•— 8 PM - Salsa Class with Joseph SnowhawkğŸ“ Cover: $10 | $15 with classesDont miss out! Come dance and enjoy an unforgettable night at La Rumba! ğŸ‰#EstaSiEsRumba #SalsaSundays #BachataLovers #LatinVibes #DenverNightlife #SalsaBachataParty",La Rumba,99 W 9th Ave,Denver,United States Of America,39.7305946,-104.9886474,2025-11-02,19:00:00,2025-11-02 19:00:00,https://www.ticketweb.com/event/salsa-bachata-sundays-la-rumba-tickets/13687014,https://s1.ticketm.net/dam/c/548/5fefbd1c-973b-4b0e-9b2e-d78e4ce37548_106111_TABLET_LANDSCAPE_3_2.jpg,2025-05-28 16:47:38.01258+00
6202,Ticketmaster,rZ7HnEZ1AKQ6Z7,SALSA & BACHATA SUNDAYS,"SALSA & BACHATA SUNDAYS en La Rumba! ğŸ¶ğŸ”¥ğŸ§ DJ Noslen en las mezclas con lo mejor de Salsa y Bachata toda la noche!ğŸ•– 7 PM - Clase de Bachata con Subbu & ReidğŸ•— 8 PM - Clase de Salsa con Joseph SnowhawkğŸ“ Cover: $10 | $15 con clasesNo te lo pierdas, ven a bailar y disfruta de una noche inolvidable en La Rumba! ğŸ‰#EstaSiEsRumba #SalsaSundays #BachataLovers #LatinVibes #DenverNightlife #SalsaBachataParty ğŸ’ƒğŸ•º SALSA & BACHATA SUNDAYS at La Rumba! ğŸ¶ğŸ”¥ğŸ§ DJ Noslen spinning the best Salsa & Bachata all night long!ğŸ•– 7 PM - Bachata Class with Subbu & ReidğŸ•— 8 PM - Salsa Class with Joseph SnowhawkğŸ“ Cover: $10 | $15 with classesDont miss out! Come dance and enjoy an unforgettable night at La Rumba! ğŸ‰#EstaSiEsRumba #SalsaSundays #BachataLovers #LatinVibes #DenverNightlife #SalsaBachataParty",La Rumba,99 W 9th Ave,Denver,United States Of America,39.7305946,-104.9886474,2025-11-09,19:00:00,2025-11-09 19:00:00,https://www.ticketweb.com/event/salsa-bachata-sundays-la-rumba-tickets/13687004,https://s1.ticketm.net/dam/c/548/5fefbd1c-973b-4b0e-9b2e-d78e4ce37548_106111_TABLET_LANDSCAPE_3_2.jpg,2025-05-28 16:47:38.01258+00
6203,Ticketmaster,rZ7HnEZ1AKQ6kf,SALSA & BACHATA SUNDAYS,"SALSA & BACHATA SUNDAYS en La Rumba! ğŸ¶ğŸ”¥ğŸ§ DJ Noslen en las mezclas con lo mejor de Salsa y Bachata toda la noche!ğŸ•– 7 PM - Clase de Bachata con Subbu & ReidğŸ•— 8 PM - Clase de Salsa con Joseph SnowhawkğŸ“ Cover: $10 | $15 con clasesNo te lo pierdas, ven a bailar y disfruta de una noche inolvidable en La Rumba! ğŸ‰#EstaSiEsRumba #SalsaSundays #BachataLovers #LatinVibes #DenverNightlife #SalsaBachataParty ğŸ’ƒğŸ•º SALSA & BACHATA SUNDAYS at La Rumba! ğŸ¶ğŸ”¥ğŸ§ DJ Noslen spinning the best Salsa & Bachata all night long!ğŸ•– 7 PM - Bachata Class with Subbu & ReidğŸ•— 8 PM - Salsa Class with Joseph SnowhawkğŸ“ Cover: $10 | $15 with classesDont miss out! Come dance and enjoy an unforgettable night at La Rumba! ğŸ‰#EstaSiEsRumba #SalsaSundays #BachataLovers #LatinVibes #DenverNightlife #SalsaBachataParty",La Rumba,99 W 9th Ave,Denver,United States Of America,39.7305946,-104.9886474,2025-11-16,19:00:00,2025-11-16 19:00:00,https://www.ticketweb.com/event/salsa-bachata-sundays-la-rumba-tickets/13687194,https://s1.ticketm.net/dam/c/548/5fefbd1c-973b-4b0e-9b2e-d78e4ce37548_106111_TABLET_LANDSCAPE_3_2.jpg,2025-05-28 16:47:38.01258+00
6204,Ticketmaster,rZ7HnEZ1AKQ6FV,SALSA & BACHATA SUNDAYS,"SALSA & BACHATA SUNDAYS en La Rumba! ğŸ¶ğŸ”¥ğŸ§ DJ Noslen en las mezclas con lo mejor de Salsa y Bachata toda la noche!ğŸ•– 7 PM - Clase de Bachata con Subbu & ReidğŸ•— 8 PM - Clase de Salsa con Joseph SnowhawkğŸ“ Cover: $10 | $15 con clasesNo te lo pierdas, ven a bailar y disfruta de una noche inolvidable en La Rumba! ğŸ‰#EstaSiEsRumba #SalsaSundays #BachataLovers #LatinVibes #DenverNightlife #SalsaBachataParty ğŸ’ƒğŸ•º SALSA & BACHATA SUNDAYS at La Rumba! ğŸ¶ğŸ”¥ğŸ§ DJ Noslen spinning the best Salsa & Bachata all night long!ğŸ•– 7 PM - Bachata Class with Subbu & ReidğŸ•— 8 PM - Salsa Class with Joseph SnowhawkğŸ“ Cover: $10 | $15 with classesDont miss out! Come dance and enjoy an unforgettable night at La Rumba! ğŸ‰#EstaSiEsRumba #SalsaSundays #BachataLovers #LatinVibes #DenverNightlife #SalsaBachataParty",La Rumba,99 W 9th Ave,Denver,United States Of America,39.7305946,-104.9886474,2025-11-23,19:00:00,2025-11-23 19:00:00,https://www.ticketweb.com/event/salsa-bachata-sundays-la-rumba-tickets/13687234,https://s1.ticketm.net/dam/c/548/5fefbd1c-973b-4b0e-9b2e-d78e4ce37548_106111_TABLET_LANDSCAPE_3_2.jpg,2025-05-28 16:47:38.014585+00
6205,Ticketmaster,rZ7HnEZ1AKQ6Af,SALSA & BACHATA SUNDAYS,"SALSA & BACHATA SUNDAYS en La Rumba! ğŸ¶ğŸ”¥ğŸ§ DJ Noslen en las mezclas con lo mejor de Salsa y Bachata toda la noche!ğŸ•– 7 PM - Clase de Bachata con Subbu & ReidğŸ•— 8 PM - Clase de Salsa con Joseph SnowhawkğŸ“ Cover: $10 | $15 con clasesNo te lo pierdas, ven a bailar y disfruta de una noche inolvidable en La Rumba! ğŸ‰#EstaSiEsRumba #SalsaSundays #BachataLovers #LatinVibes #DenverNightlife #SalsaBachataParty ğŸ’ƒğŸ•º SALSA & BACHATA SUNDAYS at La Rumba! ğŸ¶ğŸ”¥ğŸ§ DJ Noslen spinning the best Salsa & Bachata all night long!ğŸ•– 7 PM - Bachata Class with Subbu & ReidğŸ•— 8 PM - Salsa Class with Joseph SnowhawkğŸ“ Cover: $10 | $15 with classesDont miss out! Come dance and enjoy an unforgettable night at La Rumba! ğŸ‰#EstaSiEsRumba #SalsaSundays #BachataLovers #LatinVibes #DenverNightlife #SalsaBachataParty",La Rumba,99 W 9th Ave,Denver,United States Of America,39.7305946,-104.9886474,2025-11-30,19:00:00,2025-11-30 19:00:00,https://www.ticketweb.com/event/salsa-bachata-sundays-la-rumba-tickets/13687154,https://s1.ticketm.net/dam/c/548/5fefbd1c-973b-4b0e-9b2e-d78e4ce37548_106111_TABLET_LANDSCAPE_3_2.jpg,2025-05-28 16:47:38.014585+00
6206,Ticketmaster,rZ7HnEZ1AKQkJf,SALSA & BACHATA SUNDAYS,"SALSA & BACHATA SUNDAYS en La Rumba! ğŸ¶ğŸ”¥ğŸ§ DJ Noslen en las mezclas con lo mejor de Salsa y Bachata toda la noche!ğŸ•– 7 PM - Clase de Bachata con Subbu & ReidğŸ•— 8 PM - Clase de Salsa con Joseph SnowhawkğŸ“ Cover: $10 | $15 con clasesNo te lo pierdas, ven a bailar y disfruta de una noche inolvidable en La Rumba! ğŸ‰#EstaSiEsRumba #SalsaSundays #BachataLovers #LatinVibes #DenverNightlife #SalsaBachataParty ğŸ’ƒğŸ•º SALSA & BACHATA SUNDAYS at La Rumba! ğŸ¶ğŸ”¥ğŸ§ DJ Noslen spinning the best Salsa & Bachata all night long!ğŸ•– 7 PM - Bachata Class with Subbu & ReidğŸ•— 8 PM - Salsa Class with Joseph SnowhawkğŸ“ Cover: $10 | $15 with classesDont miss out! Come dance and enjoy an unforgettable night at La Rumba! ğŸ‰#EstaSiEsRumba #SalsaSundays #BachataLovers #LatinVibes #DenverNightlife #SalsaBachataParty",La Rumba,99 W 9th Ave,Denver,United States Of America,39.7305946,-104.9886474,2025-12-07,19:00:00,2025-12-07 19:00:00,https://www.ticketweb.com/event/salsa-bachata-sundays-la-rumba-tickets/13686994,https://s1.ticketm.net/dam/c/548/5fefbd1c-973b-4b0e-9b2e-d78e4ce37548_106111_TABLET_LANDSCAPE_3_2.jpg,2025-05-28 16:47:38.014585+00
6207,Ticketmaster,rZ7HnEZ1AKQkJ7,SALSA & BACHATA SUNDAYS,"SALSA & BACHATA SUNDAYS en La Rumba! ğŸ¶ğŸ”¥ğŸ§ DJ Noslen en las mezclas con lo mejor de Salsa y Bachata toda la noche!ğŸ•– 7 PM - Clase de Bachata con Subbu & ReidğŸ•— 8 PM - Clase de Salsa con Joseph SnowhawkğŸ“ Cover: $10 | $15 con clasesNo te lo pierdas, ven a bailar y disfruta de una noche inolvidable en La Rumba! ğŸ‰#EstaSiEsRumba #SalsaSundays #BachataLovers #LatinVibes #DenverNightlife #SalsaBachataParty ğŸ’ƒğŸ•º SALSA & BACHATA SUNDAYS at La Rumba! ğŸ¶ğŸ”¥ğŸ§ DJ Noslen spinning the best Salsa & Bachata all night long!ğŸ•– 7 PM - Bachata Class with Subbu & ReidğŸ•— 8 PM - Salsa Class with Joseph SnowhawkğŸ“ Cover: $10 | $15 with classesDont miss out! Come dance and enjoy an unforgettable night at La Rumba! ğŸ‰#EstaSiEsRumba #SalsaSundays #BachataLovers #LatinVibes #DenverNightlife #SalsaBachataParty",La Rumba,99 W 9th Ave,Denver,United States Of America,39.7305946,-104.9886474,2025-12-14,19:00:00,2025-12-14 19:00:00,https://www.ticketweb.com/event/salsa-bachata-sundays-la-rumba-tickets/13686984,https://s1.ticketm.net/dam/c/548/5fefbd1c-973b-4b0e-9b2e-d78e4ce37548_106111_TABLET_LANDSCAPE_3_2.jpg,2025-05-28 16:47:38.01659+00
6208,Ticketmaster,rZ7HnEZ1AKQ6AV,SALSA & BACHATA SUNDAYS,"SALSA & BACHATA SUNDAYS en La Rumba! ğŸ¶ğŸ”¥ğŸ§ DJ Noslen en las mezclas con lo mejor de Salsa y Bachata toda la noche!ğŸ•– 7 PM - Clase de Bachata con Subbu & ReidğŸ•— 8 PM - Clase de Salsa con Joseph SnowhawkğŸ“ Cover: $10 | $15 con clasesNo te lo pierdas, ven a bailar y disfruta de una noche inolvidable en La Rumba! ğŸ‰#EstaSiEsRumba #SalsaSundays #BachataLovers #LatinVibes #DenverNightlife #SalsaBachataParty ğŸ’ƒğŸ•º SALSA & BACHATA SUNDAYS at La Rumba! ğŸ¶ğŸ”¥ğŸ§ DJ Noslen spinning the best Salsa & Bachata all night long!ğŸ•– 7 PM - Bachata Class with Subbu & ReidğŸ•— 8 PM - Salsa Class with Joseph SnowhawkğŸ“ Cover: $10 | $15 with classesDont miss out! Come dance and enjoy an unforgettable night at La Rumba! ğŸ‰#EstaSiEsRumba #SalsaSundays #BachataLovers #LatinVibes #DenverNightlife #SalsaBachataParty",La Rumba,99 W 9th Ave,Denver,United States Of America,39.7305946,-104.9886474,2025-12-21,19:00:00,2025-12-21 19:00:00,https://www.ticketweb.com/event/salsa-bachata-sundays-la-rumba-tickets/13687174,https://s1.ticketm.net/dam/c/548/5fefbd1c-973b-4b0e-9b2e-d78e4ce37548_106111_TABLET_LANDSCAPE_3_2.jpg,2025-05-28 16:47:38.01659+00
6209,Ticketmaster,rZ7HnEZ1AKQ6vf,SALSA & BACHATA SUNDAYS,"SALSA & BACHATA SUNDAYS en La Rumba! ğŸ¶ğŸ”¥ğŸ§ DJ Noslen en las mezclas con lo mejor de Salsa y Bachata toda la noche!ğŸ•– 7 PM - Clase de Bachata con Subbu & ReidğŸ•— 8 PM - Clase de Salsa con Joseph SnowhawkğŸ“ Cover: $10 | $15 con clasesNo te lo pierdas, ven a bailar y disfruta de una noche inolvidable en La Rumba! ğŸ‰#EstaSiEsRumba #SalsaSundays #BachataLovers #LatinVibes #DenverNightlife #SalsaBachataParty ğŸ’ƒğŸ•º SALSA & BACHATA SUNDAYS at La Rumba! ğŸ¶ğŸ”¥ğŸ§ DJ Noslen spinning the best Salsa & Bachata all night long!ğŸ•– 7 PM - Bachata Class with Subbu & ReidğŸ•— 8 PM - Salsa Class with Joseph SnowhawkğŸ“ Cover: $10 | $15 with classesDont miss out! Come dance and enjoy an unforgettable night at La Rumba! ğŸ‰#EstaSiEsRumba #SalsaSundays #BachataLovers #LatinVibes #DenverNightlife #SalsaBachataParty",La Rumba,99 W 9th Ave,Denver,United States Of America,39.7305946,-104.9886474,2025-12-28,19:00:00,2025-12-28 19:00:00,https://www.ticketweb.com/event/salsa-bachata-sundays-la-rumba-tickets/13687054,https://s1.ticketm.net/dam/c/548/5fefbd1c-973b-4b0e-9b2e-d78e4ce37548_106111_TABLET_LANDSCAPE_3_2.jpg,2025-05-28 16:47:38.01659+00
6210,Ticketmaster,1ae0ZbJ47o-ZdGkF,Old School: Hip-Hop Dance Party,,Thunderbird Lounge,710 W Montecito Ave,Phoenix,United States Of America,33.49938,-112.08382,2025-05-31,21:00:00,2025-05-31 21:00:00,https://www.ticketweb.com/event/old-school-hip-hop-dance-thunderbird-lounge-tickets/14271283?REFERRAL_ID=tmfeed,https://s1.ticketm.net/dam/c/df8/81eadad8-4449-412e-a2b1-3d8bbb78edf8_106181_RECOMENDATION_16_9.jpg,2025-05-28 16:47:38.020601+00
6211,Ticketmaster,rZ7HnEZ1Af8VoN,DESMADRE w/ DJ Guari + J. Espinosa + Nate Rioz,"WELCOME TO DESMADRE - a night of messy and beautiful chaos at Crybaby in the heart of Oakland. For those looking for a night of Reggaeton, Dembow, Moombahton, Corridos, Latin Dance, y ms, youre in for a treat. Pull up to experience a night of ratcheton and down and dirty dancing -- only at Desmadre can you get your fix of all latin dance, all night.Djs: DJ Guari + J. Espinosa + Nate RiozCome through to get your perreo on!Happy hour drink specials first hour! :)21+",Crybaby,1928 Telegraph Ave,Oakland,United States Of America,37.8086762,122.2696327,2025-05-31,22:00:00,2025-05-31 22:00:00,https://www.ticketweb.com/event/desmadre-w-dj-guari-crybaby-tickets/14434463,https://s1.ticketm.net/dam/c/80b/f3cd8d24-c3ae-4fa0-b4bc-1ba99f9b380b_106091_ARTIST_PAGE_3_2.jpg,2025-05-28 16:47:38.021553+00
6212,Ticketmaster,Z7r9jZ1A7p91K,I Am Hip Hop Dance,,The National,708 East Broad,Richmond,United States Of America,37.5411,-77.434601,2025-06-06,19:00:00,2025-06-06 19:00:00,https://www.ticketmaster.com/event/Z7r9jZ1A7p91K,https://s1.ticketm.net/dam/c/f51/ee785ed6-f806-4195-98f4-69f67e09df51_106201_TABLET_LANDSCAPE_16_9.jpg,2025-05-28 16:47:38.021553+00
6213,Ticketmaster,vvG1bZ9SUyz0RG,50 Years of Hip Hop: Video Dance Party ft. DJ Requiem,"Doors at 8pm | Show at 9pm Ages 18+ CASHLESS VENUE - The Blue Note services all credit and debit payments only. No cash accepted. General Admission tickets have access to the First Floor or a Balcony Seat and are available on a first come first serve basis. Bags (max size 12"" x 6"" x 12"") are allowed and will be searched upon entry. Exceptions will be made for necessary medical equipment and bags for nursing mothers. We encourage you to pack light with only the necessities to make the entry process as smooth as possible Advance tickets can be purchased online or at The Blue Note box office. Once the doors have opened, if tickets are still available, they can be purchased at The Blue Note.",The Blue Note,17 N 9th St,Columbia,United States Of America,38.952184,-92.327842,2025-11-01,21:00:00,2025-11-01 21:00:00,https://www.ticketmaster.com/50-years-of-hip-hop-video-columbia-missouri-11-01-2025/event/06005F3DB9E24BCC,https://s1.ticketm.net/dbimages/486489a.jpg,2025-05-28 16:47:38.040916+00
6214,Ticketmaster,17FOvxG61bx7w65,RED Vol. 8: ROMA (18+),"Door/Show 8pm Picture this: You are a victorious warrior (think Gladiator), fresh from the battlefield after a long, hard fight. Now, you stand with your lover, overlooking the majestic remnants of Rome, the city that has witnessed both triumph and tragedy. The air is charged with excitement, the music pulses through your veins, and the night is yours to conquer. As the night unfolds, let the rhythm of the music by International DJ J Warren and the energy of the crowd sweep you away. Embrace the passion and allure of ancient Rome, where the past and present blend into a timeless celebration of love, unity, and freedom. RED Vol VIII: ROMA is more than just a party, its an experience-a journey through time where you and your lover(s) can revel in the glory of the night. Join us for this unforgettable celebration, where every beat, every dance, and every moment is part of your victory. Do not miss the chance to be part of this epic event-where ancient history meets modern-day magic",House of Blues Orlando,1490 East Lake Buena Vista Dr,Orlando,United States Of America,28.370393,-81.504616,2025-05-31,20:00:00,2025-05-31 20:00:00,https://www.ticketmaster.com/red-vol-8-roma-18-orlando-florida-05-31-2025/event/220062A6221321CB,https://s1.ticketm.net/dam/c/df8/81eadad8-4449-412e-a2b1-3d8bbb78edf8_106181_RECOMENDATION_16_9.jpg,2025-05-28 16:47:38.072429+00
6215,Ticketmaster,rZ7HnEZ1Af843d,Afrobeats to the World,"This event is 18 and over. Any ticket holder unable to present valid identification indicating that they are at least 18 years of age will not be admitted to this event, and will not be eligible for a refund. You must bring your valid ID to pick up tickets. By clicking the ""Place Order"" button on the Payment page, you are agreeing to the TicketWeb Purchase Policy and Privacy Notice. I also understand and agree that all sales are final. There are no refunds unless the event is cancelled or postponed. I understand that some venues may have age restrictions or ask for a small additional cash gratuity fee at the door for those under 21. Please check the show info for details Your payment will be processed Dance at your own risk. By participating on the venue dance floor you assume all risks associated with doing so and & release the venue and promoter from any liability in the event of injury, bodily harm or illness.",Skully's Music Diner,1151 North High Street,Columbus,United States Of America,39.985866,-83.005629,2025-06-06,21:00:00,2025-06-06 21:00:00,https://www.ticketweb.com/event/afrobeats-to-the-world-skullys-music-diner-tickets/14415483,https://s1.ticketm.net/dam/c/df8/81eadad8-4449-412e-a2b1-3d8bbb78edf8_106181_RETINA_PORTRAIT_3_2.jpg,2025-05-28 16:47:38.097372+00
6216,Ticketmaster,1ApZk13GkdEdAEf,Planet Perreo - event is 18 & older,"Welcome to Planet Perreo, where the pulse of Reggaeton meets the mystery of the cosmos! Our touring dance party is not just an event; it's an extraterrestrial journey through Perreo. As we tour across The US, we bring a unique, alien-themed party atmosphere that's out of this world, literally. Are you ready to experience the ultimate party universe? Planet Perreo is touring America now, bringing the heat of Reggaeton to your doorstep. Grab your tickets, invite your friends, and prepare for an unforgettable night where music, dance, and cosmic wonder collides. This event is 18 & older, a valid picture ID with birthdate may be needed for entry. The Mercury Ballroom is a standing room venue, all tickets are General Admission unless otherwise stated. Music starts with doors at 8pm.",Mercury Ballroom,611 S 4th Street,Louisville,United States Of America,38.24851446,-85.75788997,2025-06-13,20:00:00,2025-06-13 20:00:00,https://www.ticketmaster.com/planet-perreo-event-is-18-older-louisville-kentucky-06-13-2025/event/16006292E70C59D4,https://s1.ticketm.net/dam/a/030/51b885c0-6935-4ba3-a784-2411f675a030_EVENT_DETAIL_PAGE_16_9.jpg,2025-05-28 16:47:38.172216+00